-- root-types-contained: SystemModel_c,PackageableElement_c,DataType_c,CoreDataType_c,UserDataType_c
-- BP 7.1 content: StreamData syschar: 3 persistence-version: 7.1.6

INSERT INTO S_SYS
	VALUES ("58a94154-59b3-44e7-aacd-57f98f0bc345",
	'mc_java_test',
	1);
INSERT INTO EP_PKG
	VALUES ("d8a495f3-8b4e-41cf-af62-1eb9956c8ddc",
	"58a94154-59b3-44e7-aacd-57f98f0bc345",
	"58a94154-59b3-44e7-aacd-57f98f0bc345",
	'lib',
	'',
	0);
INSERT INTO PE_PE
	VALUES ("f377b0db-faa3-4440-80b3-6b4c1d9755eb",
	1,
	"d8a495f3-8b4e-41cf-af62-1eb9956c8ddc",
	"00000000-0000-0000-0000-000000000000",
	2);
INSERT INTO C_C
	VALUES ("f377b0db-faa3-4440-80b3-6b4c1d9755eb",
	"00000000-0000-0000-0000-000000000000",
	"00000000-0000-0000-0000-000000000000",
	'comp',
	'',
	0,
	"00000000-0000-0000-0000-000000000000",
	0,
	'');
INSERT INTO PE_PE
	VALUES ("cf770836-301f-4eaa-b211-a5a297ad698b",
	1,
	"00000000-0000-0000-0000-000000000000",
	"f377b0db-faa3-4440-80b3-6b4c1d9755eb",
	7);
INSERT INTO EP_PKG
	VALUES ("cf770836-301f-4eaa-b211-a5a297ad698b",
	"00000000-0000-0000-0000-000000000000",
	"58a94154-59b3-44e7-aacd-57f98f0bc345",
	'functions',
	'',
	0);
INSERT INTO PE_PE
	VALUES ("5612fe01-de5e-4b69-a8f7-b12e249fdefe",
	1,
	"cf770836-301f-4eaa-b211-a5a297ad698b",
	"00000000-0000-0000-0000-000000000000",
	1);
INSERT INTO S_SYNC
	VALUES ("5612fe01-de5e-4b69-a8f7-b12e249fdefe",
	"00000000-0000-0000-0000-000000000000",
	'foo',
	'',
	'a = 3;
b = 5;
c = a + b;',
	"ba5eda7a-def5-0000-0000-000000000000",
	1,
	'');
INSERT INTO ACT_FNB
	VALUES ("b0ef7a2f-b78e-40a2-957e-b753e8879cbb",
	"5612fe01-de5e-4b69-a8f7-b12e249fdefe");
INSERT INTO ACT_ACT
	VALUES ("b0ef7a2f-b78e-40a2-957e-b753e8879cbb",
	'function',
	0,
	"87827561-0644-4984-af4a-3ecbea2c0aff",
	"00000000-0000-0000-0000-000000000000",
	0,
	'foo',
	"00000000-0000-0000-0000-000000000000");
INSERT INTO ACT_BLK
	VALUES ("87827561-0644-4984-af4a-3ecbea2c0aff",
	0,
	0,
	0,
	'',
	'',
	'',
	3,
	1,
	0,
	0,
	0,
	0,
	0,
	0,
	0,
	0,
	0,
	0,
	0,
	"b0ef7a2f-b78e-40a2-957e-b753e8879cbb",
	"00000000-0000-0000-0000-000000000000");
INSERT INTO ACT_SMT
	VALUES ("ca2c2f25-69a7-435e-96c1-8abbfeb2d6bc",
	"87827561-0644-4984-af4a-3ecbea2c0aff",
	"ef22b154-bb6f-4e3c-a2bd-beda191d27d0",
	1,
	1,
	'foo line: 1');
INSERT INTO ACT_AI
	VALUES ("ca2c2f25-69a7-435e-96c1-8abbfeb2d6bc",
	"e422558d-f667-4b3f-970a-8866d6a2bf45",
	"c1315f77-14ce-49ec-94f3-b8877e0e2ed3",
	0,
	0);
INSERT INTO ACT_SMT
	VALUES ("ef22b154-bb6f-4e3c-a2bd-beda191d27d0",
	"87827561-0644-4984-af4a-3ecbea2c0aff",
	"69d900fd-468d-4ca6-9dcc-6045a8783d0b",
	2,
	1,
	'foo line: 2');
INSERT INTO ACT_AI
	VALUES ("ef22b154-bb6f-4e3c-a2bd-beda191d27d0",
	"2e5d2155-fb3a-48fe-8d5a-10d531d85691",
	"fe69295d-1d69-4c62-a4b2-8077028f98f0",
	0,
	0);
INSERT INTO ACT_SMT
	VALUES ("69d900fd-468d-4ca6-9dcc-6045a8783d0b",
	"87827561-0644-4984-af4a-3ecbea2c0aff",
	"00000000-0000-0000-0000-000000000000",
	3,
	1,
	'foo line: 3');
INSERT INTO ACT_AI
	VALUES ("69d900fd-468d-4ca6-9dcc-6045a8783d0b",
	"4e0040e5-7c0d-4755-bdc2-982d2d764405",
	"d9dc6fb3-c9f6-4ead-a894-111ecb0c8adf",
	0,
	0);
INSERT INTO V_VAL
	VALUES ("c1315f77-14ce-49ec-94f3-b8877e0e2ed3",
	1,
	1,
	1,
	1,
	1,
	0,
	0,
	0,
	0,
	"ba5eda7a-def5-0000-0000-000000000002",
	"87827561-0644-4984-af4a-3ecbea2c0aff");
INSERT INTO V_TVL
	VALUES ("c1315f77-14ce-49ec-94f3-b8877e0e2ed3",
	"04833ce1-3cbb-4348-aeee-eac693b60598");
INSERT INTO V_VAL
	VALUES ("e422558d-f667-4b3f-970a-8866d6a2bf45",
	0,
	0,
	1,
	5,
	5,
	0,
	0,
	0,
	0,
	"ba5eda7a-def5-0000-0000-000000000002",
	"87827561-0644-4984-af4a-3ecbea2c0aff");
INSERT INTO V_LIN
	VALUES ("e422558d-f667-4b3f-970a-8866d6a2bf45",
	'3');
INSERT INTO V_VAL
	VALUES ("fe69295d-1d69-4c62-a4b2-8077028f98f0",
	1,
	1,
	2,
	1,
	1,
	0,
	0,
	0,
	0,
	"ba5eda7a-def5-0000-0000-000000000002",
	"87827561-0644-4984-af4a-3ecbea2c0aff");
INSERT INTO V_TVL
	VALUES ("fe69295d-1d69-4c62-a4b2-8077028f98f0",
	"5f4a5624-4117-45da-bea4-fe567ba14aac");
INSERT INTO V_VAL
	VALUES ("2e5d2155-fb3a-48fe-8d5a-10d531d85691",
	0,
	0,
	2,
	5,
	5,
	0,
	0,
	0,
	0,
	"ba5eda7a-def5-0000-0000-000000000002",
	"87827561-0644-4984-af4a-3ecbea2c0aff");
INSERT INTO V_LIN
	VALUES ("2e5d2155-fb3a-48fe-8d5a-10d531d85691",
	'5');
INSERT INTO V_VAL
	VALUES ("d9dc6fb3-c9f6-4ead-a894-111ecb0c8adf",
	1,
	1,
	3,
	1,
	1,
	0,
	0,
	0,
	0,
	"ba5eda7a-def5-0000-0000-000000000002",
	"87827561-0644-4984-af4a-3ecbea2c0aff");
INSERT INTO V_TVL
	VALUES ("d9dc6fb3-c9f6-4ead-a894-111ecb0c8adf",
	"1e7d76b9-3e77-4557-8b0b-903d32eabd80");
INSERT INTO V_VAL
	VALUES ("5d78a876-d005-432d-885d-cf2c9165103a",
	0,
	0,
	3,
	5,
	5,
	0,
	0,
	0,
	0,
	"ba5eda7a-def5-0000-0000-000000000002",
	"87827561-0644-4984-af4a-3ecbea2c0aff");
INSERT INTO V_TVL
	VALUES ("5d78a876-d005-432d-885d-cf2c9165103a",
	"04833ce1-3cbb-4348-aeee-eac693b60598");
INSERT INTO V_VAL
	VALUES ("4e0040e5-7c0d-4755-bdc2-982d2d764405",
	0,
	0,
	-1,
	-1,
	-1,
	0,
	0,
	0,
	0,
	"ba5eda7a-def5-0000-0000-000000000002",
	"87827561-0644-4984-af4a-3ecbea2c0aff");
INSERT INTO V_BIN
	VALUES ("4e0040e5-7c0d-4755-bdc2-982d2d764405",
	"6ce76d8b-5b81-455c-bb27-1637d9e3ba42",
	"5d78a876-d005-432d-885d-cf2c9165103a",
	'+');
INSERT INTO V_VAL
	VALUES ("6ce76d8b-5b81-455c-bb27-1637d9e3ba42",
	0,
	0,
	3,
	9,
	9,
	0,
	0,
	0,
	0,
	"ba5eda7a-def5-0000-0000-000000000002",
	"87827561-0644-4984-af4a-3ecbea2c0aff");
INSERT INTO V_TVL
	VALUES ("6ce76d8b-5b81-455c-bb27-1637d9e3ba42",
	"5f4a5624-4117-45da-bea4-fe567ba14aac");
INSERT INTO V_VAR
	VALUES ("04833ce1-3cbb-4348-aeee-eac693b60598",
	"87827561-0644-4984-af4a-3ecbea2c0aff",
	'a',
	1,
	"ba5eda7a-def5-0000-0000-000000000002");
INSERT INTO V_TRN
	VALUES ("04833ce1-3cbb-4348-aeee-eac693b60598",
	"00000000-0000-0000-0000-000000000000",
	'');
INSERT INTO V_VAR
	VALUES ("5f4a5624-4117-45da-bea4-fe567ba14aac",
	"87827561-0644-4984-af4a-3ecbea2c0aff",
	'b',
	1,
	"ba5eda7a-def5-0000-0000-000000000002");
INSERT INTO V_TRN
	VALUES ("5f4a5624-4117-45da-bea4-fe567ba14aac",
	"00000000-0000-0000-0000-000000000000",
	'');
INSERT INTO V_VAR
	VALUES ("1e7d76b9-3e77-4557-8b0b-903d32eabd80",
	"87827561-0644-4984-af4a-3ecbea2c0aff",
	'c',
	1,
	"ba5eda7a-def5-0000-0000-000000000002");
INSERT INTO V_TRN
	VALUES ("1e7d76b9-3e77-4557-8b0b-903d32eabd80",
	"00000000-0000-0000-0000-000000000000",
	'');
INSERT INTO PE_PE
	VALUES ("ba5eda7a-def5-0000-0000-000000000000",
	1,
	"00000000-0000-0000-0000-000000000000",
	"00000000-0000-0000-0000-000000000000",
	3);
INSERT INTO S_DT
	VALUES ("ba5eda7a-def5-0000-0000-000000000000",
	"00000000-0000-0000-0000-000000000000",
	'void',
	'',
	'');
INSERT INTO S_CDT
	VALUES ("ba5eda7a-def5-0000-0000-000000000000",
	0);
INSERT INTO PE_PE
	VALUES ("ba5eda7a-def5-0000-0000-000000000001",
	1,
	"00000000-0000-0000-0000-000000000000",
	"00000000-0000-0000-0000-000000000000",
	3);
INSERT INTO S_DT
	VALUES ("ba5eda7a-def5-0000-0000-000000000001",
	"00000000-0000-0000-0000-000000000000",
	'boolean',
	'',
	'');
INSERT INTO S_CDT
	VALUES ("ba5eda7a-def5-0000-0000-000000000001",
	1);
INSERT INTO PE_PE
	VALUES ("ba5eda7a-def5-0000-0000-000000000002",
	1,
	"00000000-0000-0000-0000-000000000000",
	"00000000-0000-0000-0000-000000000000",
	3);
INSERT INTO S_DT
	VALUES ("ba5eda7a-def5-0000-0000-000000000002",
	"00000000-0000-0000-0000-000000000000",
	'integer',
	'',
	'');
INSERT INTO S_CDT
	VALUES ("ba5eda7a-def5-0000-0000-000000000002",
	2);
INSERT INTO PE_PE
	VALUES ("ba5eda7a-def5-0000-0000-000000000003",
	1,
	"00000000-0000-0000-0000-000000000000",
	"00000000-0000-0000-0000-000000000000",
	3);
INSERT INTO S_DT
	VALUES ("ba5eda7a-def5-0000-0000-000000000003",
	"00000000-0000-0000-0000-000000000000",
	'real',
	'',
	'');
INSERT INTO S_CDT
	VALUES ("ba5eda7a-def5-0000-0000-000000000003",
	3);
INSERT INTO PE_PE
	VALUES ("ba5eda7a-def5-0000-0000-000000000004",
	1,
	"00000000-0000-0000-0000-000000000000",
	"00000000-0000-0000-0000-000000000000",
	3);
INSERT INTO S_DT
	VALUES ("ba5eda7a-def5-0000-0000-000000000004",
	"00000000-0000-0000-0000-000000000000",
	'string',
	'',
	'');
INSERT INTO S_CDT
	VALUES ("ba5eda7a-def5-0000-0000-000000000004",
	4);
INSERT INTO PE_PE
	VALUES ("ba5eda7a-def5-0000-0000-000000000005",
	1,
	"00000000-0000-0000-0000-000000000000",
	"00000000-0000-0000-0000-000000000000",
	3);
INSERT INTO S_DT
	VALUES ("ba5eda7a-def5-0000-0000-000000000005",
	"00000000-0000-0000-0000-000000000000",
	'unique_id',
	'',
	'');
INSERT INTO S_CDT
	VALUES ("ba5eda7a-def5-0000-0000-000000000005",
	5);
INSERT INTO PE_PE
	VALUES ("ba5eda7a-def5-0000-0000-000000000006",
	1,
	"00000000-0000-0000-0000-000000000000",
	"00000000-0000-0000-0000-000000000000",
	3);
INSERT INTO S_DT
	VALUES ("ba5eda7a-def5-0000-0000-000000000006",
	"00000000-0000-0000-0000-000000000000",
	'state<State_Model>',
	'',
	'');
INSERT INTO S_CDT
	VALUES ("ba5eda7a-def5-0000-0000-000000000006",
	6);
INSERT INTO PE_PE
	VALUES ("ba5eda7a-def5-0000-0000-000000000007",
	1,
	"00000000-0000-0000-0000-000000000000",
	"00000000-0000-0000-0000-000000000000",
	3);
INSERT INTO S_DT
	VALUES ("ba5eda7a-def5-0000-0000-000000000007",
	"00000000-0000-0000-0000-000000000000",
	'same_as<Base_Attribute>',
	'',
	'');
INSERT INTO S_CDT
	VALUES ("ba5eda7a-def5-0000-0000-000000000007",
	7);
INSERT INTO PE_PE
	VALUES ("ba5eda7a-def5-0000-0000-000000000008",
	1,
	"00000000-0000-0000-0000-000000000000",
	"00000000-0000-0000-0000-000000000000",
	3);
INSERT INTO S_DT
	VALUES ("ba5eda7a-def5-0000-0000-000000000008",
	"00000000-0000-0000-0000-000000000000",
	'inst_ref<Object>',
	'',
	'');
INSERT INTO S_CDT
	VALUES ("ba5eda7a-def5-0000-0000-000000000008",
	8);
INSERT INTO PE_PE
	VALUES ("ba5eda7a-def5-0000-0000-000000000009",
	1,
	"00000000-0000-0000-0000-000000000000",
	"00000000-0000-0000-0000-000000000000",
	3);
INSERT INTO S_DT
	VALUES ("ba5eda7a-def5-0000-0000-000000000009",
	"00000000-0000-0000-0000-000000000000",
	'inst_ref_set<Object>',
	'',
	'');
INSERT INTO S_CDT
	VALUES ("ba5eda7a-def5-0000-0000-000000000009",
	9);
INSERT INTO PE_PE
	VALUES ("ba5eda7a-def5-0000-0000-00000000000a",
	1,
	"00000000-0000-0000-0000-000000000000",
	"00000000-0000-0000-0000-000000000000",
	3);
INSERT INTO S_DT
	VALUES ("ba5eda7a-def5-0000-0000-00000000000a",
	"00000000-0000-0000-0000-000000000000",
	'inst<Event>',
	'',
	'');
INSERT INTO S_CDT
	VALUES ("ba5eda7a-def5-0000-0000-00000000000a",
	10);
INSERT INTO PE_PE
	VALUES ("ba5eda7a-def5-0000-0000-00000000000b",
	1,
	"00000000-0000-0000-0000-000000000000",
	"00000000-0000-0000-0000-000000000000",
	3);
INSERT INTO S_DT
	VALUES ("ba5eda7a-def5-0000-0000-00000000000b",
	"00000000-0000-0000-0000-000000000000",
	'inst<Mapping>',
	'',
	'');
INSERT INTO S_CDT
	VALUES ("ba5eda7a-def5-0000-0000-00000000000b",
	11);
INSERT INTO PE_PE
	VALUES ("ba5eda7a-def5-0000-0000-00000000000c",
	1,
	"00000000-0000-0000-0000-000000000000",
	"00000000-0000-0000-0000-000000000000",
	3);
INSERT INTO S_DT
	VALUES ("ba5eda7a-def5-0000-0000-00000000000c",
	"00000000-0000-0000-0000-000000000000",
	'inst_ref<Mapping>',
	'',
	'');
INSERT INTO S_CDT
	VALUES ("ba5eda7a-def5-0000-0000-00000000000c",
	12);
INSERT INTO PE_PE
	VALUES ("ba5eda7a-def5-0000-0000-00000000000d",
	1,
	"00000000-0000-0000-0000-000000000000",
	"00000000-0000-0000-0000-000000000000",
	3);
INSERT INTO S_DT
	VALUES ("ba5eda7a-def5-0000-0000-00000000000d",
	"00000000-0000-0000-0000-000000000000",
	'component_ref',
	'',
	'');
INSERT INTO S_CDT
	VALUES ("ba5eda7a-def5-0000-0000-00000000000d",
	13);
INSERT INTO PE_PE
	VALUES ("ba5eda7a-def5-0000-0000-00000000000e",
	1,
	"00000000-0000-0000-0000-000000000000",
	"00000000-0000-0000-0000-000000000000",
	3);
INSERT INTO S_DT
	VALUES ("ba5eda7a-def5-0000-0000-00000000000e",
	"00000000-0000-0000-0000-000000000000",
	'date',
	'',
	'');
INSERT INTO S_UDT
	VALUES ("ba5eda7a-def5-0000-0000-00000000000e",
	"ba5eda7a-def5-0000-0000-00000000000b",
	1);
INSERT INTO PE_PE
	VALUES ("ba5eda7a-def5-0000-0000-00000000000f",
	1,
	"00000000-0000-0000-0000-000000000000",
	"00000000-0000-0000-0000-000000000000",
	3);
INSERT INTO S_DT
	VALUES ("ba5eda7a-def5-0000-0000-00000000000f",
	"00000000-0000-0000-0000-000000000000",
	'inst_ref<Timer>',
	'',
	'');
INSERT INTO S_UDT
	VALUES ("ba5eda7a-def5-0000-0000-00000000000f",
	"ba5eda7a-def5-0000-0000-00000000000c",
	3);
INSERT INTO PE_PE
	VALUES ("ba5eda7a-def5-0000-0000-000000000010",
	1,
	"00000000-0000-0000-0000-000000000000",
	"00000000-0000-0000-0000-000000000000",
	3);
INSERT INTO S_DT
	VALUES ("ba5eda7a-def5-0000-0000-000000000010",
	"00000000-0000-0000-0000-000000000000",
	'timestamp',
	'',
	'');
INSERT INTO S_UDT
	VALUES ("ba5eda7a-def5-0000-0000-000000000010",
	"ba5eda7a-def5-0000-0000-00000000000b",
	2);
INSERT INTO PE_PE
	VALUES ("ba5eda7a-def5-0000-0000-000000000011",
	1,
	"00000000-0000-0000-0000-000000000000",
	"00000000-0000-0000-0000-000000000000",
	3);
INSERT INTO S_DT
	VALUES ("ba5eda7a-def5-0000-0000-000000000011",
	"00000000-0000-0000-0000-000000000000",
	'MASLtype',
	'',
	'');
INSERT INTO S_UDT
	VALUES ("ba5eda7a-def5-0000-0000-000000000011",
	"ba5eda7a-def5-0000-0000-000000000004",
	0);
